{"description":"Modernizr 是一个开源的 JavaScript 库，用于检测用户浏览器的 HTML5 和 CSS3 特性。它使得那些基于用户浏览器的不同（指对新标准支持性的差异）而开发不同级别体验的设计师的工作变得更为简单，让 Web 开发人员可以在现代浏览器中充分利用 HTML5 和 CSS3 的那些先进的特性进行开发，同时又不会牺牲其它不支持这些新技术的浏览器的控制。","tags":"兼容性","url":"http://modernizr.com/","createAt":1373900914840,"id":42,"name":"Modernizr"}