{"description":"　Sencha Touch 是一个基于 HTML5 的移动应用开发框架，致力于吸引 HTML5 开发者使用 Sencha Touch 构建在 iPhone、Android 和 BlackBerry 等设备上运行的移动 Web 应用，这些应用效果看起来如同本地应用。改进的 API，完善的文档和教程资料以及可靠的本地集成让 Sencha Touch 2 成为强有力的移动框架竞争者。","tags":"类库","url":"http://www.sencha.com/","createAt":1373900914842,"id":58,"name":"Sencha Touch 2"}